{"cp-glue-dev": ['glue-jobs/','pkg_whl_internal/','cp_etl_apps/cp_elt_pipeline/automation_framework/main/python/Config/','cp_etl_apps/cp_elt_pipeline/automation_framework/main/python/SQL/','cp_etl_apps/cp_elt_pipeline/automation_framework/main/python/Modules/','cp_etl_apps/cp_elt_pipeline/automation_framework/main/python/Auth/'],"cp-glue-qa":['glue-jobs/','pkg_whl_internal/','cp_etl_apps/cp_elt_pipeline/automation_framework/main/python/Config/','cp_etl_apps/cp_elt_pipeline/automation_framework/main/python/SQL/','cp_etl_apps/cp_elt_pipeline/automation_framework/main/python/Modules/','cp_etl_apps/cp_elt_pipeline/automation_framework/main/python/Auth/'],"cp-sf-int-dev":['Report/JSON/','Report/SQL/','Report/TASK/','PIM/','/PIM/'],"cp-sf-int-dev":['Report/JSON/','Report/SQL/','Report/TASK/']}

{,"cp-sf-python-package-1":[''],"bucket-cp-sf-python-package-dev": [""],"cp-cicd-audit-qa":[""],"cp-dw-usw2-vpc1-dev-linux-ssm-patch-logs":[""],"cp-dw-usw2-vpc1-dev-ssm-patch-logs":[""],"cp-dw-usw2-vpc1-qa-ssm-patch-logs":[""],"cp-dw-usw2-vpc1-terraform-remote-state":[""],"cp-sf-python-package-1":[""],"airflow-wbdi-cp-1":[""],"airflow-dev-cp":[""],"base-cf-templates-aws-wbdi-cp-dw-dev":[""],"cp-wbdi-dcshop-qa":[""],"cp-wbdi-lmsi-qa":[""],"cp-wbdi-npd-published-qa":[""],"cp-wbdi-npd-qa":[""],"cp-wbdi-salesforce-qa":[""],"cp-sf-int-qa-archive":[""]}


airflow-dev-cp
base-cf-templates-aws-wbdi-cp-dw-dev
cp-wbdi-dcshop-qa
cp-wbdi-lmsi-qa
cp-wbdi-npd-published-qa
cp-wbdi-npd-qa
cp-wbdi-salesforce-qa


aws s3api list-objects-v2 --bucket "cp-glue-prod" --query "Contents[?LastModified < 'June 20, 2021']" --output=text >cp-glue-prod-file-before-20-07-2022.csv

{'cp-glue-dev': ['glue-jobs/','pkg_whl_internal/','cp_etl_apps/cp_elt_pipeline/automation_framework/main/python/Config/','cp_etl_apps/cp_elt_pipeline/automation_framework/main/python/SQL/','cp_etl_apps/cp_elt_pipeline/automation_framework/main/python/Modules/'],'cp-glue-qa':['glue-jobs/','pkg_whl_internal/','cp_etl_apps/cp_elt_pipeline/automation_framework/main/python/Config/','cp_etl_apps/cp_elt_pipeline/automation_framework/main/python/SQL/','cp_etl_apps/cp_elt_pipeline/automation_framework/main/python/Modules/'],'cp-sf-int-dev':['Report/JSON/','Report/SQL/','Report/TASK/','PIM/','/PIM/'],'cp-sf-int-dev':['Report/JSON/','Report/SQL/','Report/TASK/'],'cp-sf-python-package-1':[''],'bucket-cp-sf-python-package-dev':[''],'cp-cicd-audit-qa':[''],'cp-dw-usw2-vpc1-dev-linux-ssm-patch-logs':[''],'cp-dw-usw2-vpc1-dev-ssm-patch-logs':[''],'cp-dw-usw2-vpc1-qa-ssm-patch-logs':[''],'cp-dw-usw2-vpc1-terraform-remote-state':[''],'cp-sf-int-qa-archive':[''],'cp-sf-python-package-1':[''],'airflow-wbdi-cp-1':['']}



{'cp-glue-dev': ['glue-jobs/','pkg_whl_internal/','cp_etl_apps/cp_elt_pipeline/automation_framework/main/python/Config/','cp_etl_apps/cp_elt_pipeline/automation_framework/main/python/SQL/','cp_etl_apps/cp_elt_pipeline/automation_framework/main/python/Modules/','cp_etl_apps/cp_elt_pipeline/automation_framework/main/python/Auth/'],'cp-glue-qa':['glue-jobs/','pkg_whl_internal/','cp_etl_apps/cp_elt_pipeline/automation_framework/main/python/Config/','cp_etl_apps/cp_elt_pipeline/automation_framework/main/python/SQL/','cp_etl_apps/cp_elt_pipeline/automation_framework/main/python/Modules/','cp_etl_apps/cp_elt_pipeline/automation_framework/main/python/Auth/'],'cp-sf-int-dev':['Report/JSON/','Report/SQL/','Report/TASK/','PIM/','/PIM/'],'cp-sf-int-dev':['Report/JSON/','Report/SQL/','Report/TASK/'],'cp-sf-python-package-1':[''],'bucket-cp-sf-python-package-dev':[''],'cp-cicd-audit-qa':[''],'cp-dw-usw2-vpc1-dev-linux-ssm-patch-logs':[''],'cp-dw-usw2-vpc1-dev-ssm-patch-logs':[''],'cp-dw-usw2-vpc1-qa-ssm-patch-logs':[''],'cp-dw-usw2-vpc1-terraform-remote-state':[''],'cp-sf-int-qa-archive':[''],'cp-sf-python-package-1':[''],'airflow-wbdi-cp-1':[''],'airflow-dev-cp':[''],'base-cf-templates-aws-wbdi-cp-dw-dev':[''],'cp-wbdi-dcshop-qa':[''],'cp-wbdi-lmsi-qa':[''],'cp-wbdi-npd-published-qa':[''],'cp-wbdi-npd-qa':[''],'cp-wbdi-salesforce-qa':['']}



10+10+8+4+7+2+7+6+7+8